week_ending,observed_deaths,edition_year,is_final,source_filename
2010-01-08,12968,2010,False,2010_publishedweek2010.xls
2010-01-15,12541,2010,False,2010_publishedweek2010.xls
2010-01-22,11762,2010,False,2010_publishedweek2010.xls
2010-01-29,11056,2010,False,2010_publishedweek2010.xls
2010-02-05,10524,2010,False,2010_publishedweek2010.xls
2010-02-12,10117,2010,False,2010_publishedweek2010.xls
2010-02-19,10102,2010,False,2010_publishedweek2010.xls
2010-02-26,10295,2010,False,2010_publishedweek2010.xls
2010-03-05,9981,2010,False,2010_publishedweek2010.xls
2010-03-12,9792,2010,False,2010_publishedweek2010.xls
2010-03-19,9729,2010,False,2010_publishedweek2010.xls
2010-03-26,9631,2010,False,2010_publishedweek2010.xls
2010-04-02,8004,2010,False,2010_publishedweek2010.xls
2010-04-09,9756,2010,False,2010_publishedweek2010.xls
2010-04-16,9892,2010,False,2010_publishedweek2010.xls
2010-04-23,9449,2010,False,2010_publishedweek2010.xls
2010-04-30,9503,2010,False,2010_publishedweek2010.xls
2010-05-07,8343,2010,False,2010_publishedweek2010.xls
2010-05-14,9483,2010,False,2010_publishedweek2010.xls
2010-05-21,9190,2010,False,2010_publishedweek2010.xls
2010-05-28,9452,2010,False,2010_publishedweek2010.xls
2010-06-04,8178,2010,False,2010_publishedweek2010.xls
2010-06-11,9259,2010,False,2010_publishedweek2010.xls
2010-06-18,8513,2010,False,2010_publishedweek2010.xls
2010-06-25,8461,2010,False,2010_publishedweek2010.xls
2010-07-02,8973,2010,False,2010_publishedweek2010.xls
2010-07-09,8627,2010,False,2010_publishedweek2010.xls
2010-07-16,8541,2010,False,2010_publishedweek2010.xls
2010-07-23,8261,2010,False,2010_publishedweek2010.xls
2010-07-30,8257,2010,False,2010_publishedweek2010.xls
2010-08-06,8467,2010,False,2010_publishedweek2010.xls
2010-08-13,8318,2010,False,2010_publishedweek2010.xls
2010-08-20,8584,2010,False,2010_publishedweek2010.xls
2010-08-27,8635,2010,False,2010_publishedweek2010.xls
2010-09-03,7708,2010,False,2010_publishedweek2010.xls
2010-09-10,8961,2010,False,2010_publishedweek2010.xls
2010-09-17,8727,2010,False,2010_publishedweek2010.xls
2010-09-24,8943,2010,False,2010_publishedweek2010.xls
2010-10-01,8759,2010,False,2010_publishedweek2010.xls
2010-10-08,9195,2010,False,2010_publishedweek2010.xls
2010-10-15,9218,2010,False,2010_publishedweek2010.xls
2010-10-22,9286,2010,False,2010_publishedweek2010.xls
2010-10-29,9275,2010,False,2010_publishedweek2010.xls
2010-11-05,9668,2010,False,2010_publishedweek2010.xls
2010-11-12,9406,2010,False,2010_publishedweek2010.xls
2010-11-19,9437,2010,False,2010_publishedweek2010.xls
2010-11-26,9473,2010,False,2010_publishedweek2010.xls
2010-12-03,9220,2010,False,2010_publishedweek2010.xls
2010-12-10,11193,2010,False,2010_publishedweek2010.xls
2010-12-17,10880,2010,False,2010_publishedweek2010.xls
2010-12-24,11484,2010,False,2010_publishedweek2010.xls
2010-12-31,9689,2010,False,2010_publishedweek2010.xls
2011-01-07,12644,2011,False,2011_publishedweek2011.xls
2011-01-14,13133,2011,False,2011_publishedweek2011.xls
2011-01-21,11438,2011,False,2011_publishedweek2011.xls
2011-01-28,10555,2011,False,2011_publishedweek2011.xls
2011-02-04,10235,2011,False,2011_publishedweek2011.xls
2011-02-11,10019,2011,False,2011_publishedweek2011.xls
2011-02-18,9757,2011,False,2011_publishedweek2011.xls
2011-02-25,9433,2011,False,2011_publishedweek2011.xls
2011-03-04,9453,2011,False,2011_publishedweek2011.xls
2011-03-11,9648,2011,False,2011_publishedweek2011.xls
2011-03-18,9842,2011,False,2011_publishedweek2011.xls
2011-03-25,9707,2011,False,2011_publishedweek2011.xls
2011-04-01,9312,2011,False,2011_publishedweek2011.xls
2011-04-08,9557,2011,False,2011_publishedweek2011.xls
2011-04-15,9327,2011,False,2011_publishedweek2011.xls
2011-04-22,8335,2011,False,2011_publishedweek2011.xls
2011-04-29,8064,2011,False,2011_publishedweek2011.xls
2011-05-06,9853,2011,False,2011_publishedweek2011.xls
2011-05-13,10140,2011,False,2011_publishedweek2011.xls
2011-05-20,8949,2011,False,2011_publishedweek2011.xls
2011-05-27,9163,2011,False,2011_publishedweek2011.xls
2011-06-03,7913,2011,False,2011_publishedweek2011.xls
2011-06-10,9254,2011,False,2011_publishedweek2011.xls
2011-06-17,8961,2011,False,2011_publishedweek2011.xls
2011-06-24,8715,2011,False,2011_publishedweek2011.xls
2011-07-01,8710,2011,False,2011_publishedweek2011.xls
2011-07-08,8705,2011,False,2011_publishedweek2011.xls
2011-07-15,8461,2011,False,2011_publishedweek2011.xls
2011-07-22,8500,2011,False,2011_publishedweek2011.xls
2011-07-29,8456,2011,False,2011_publishedweek2011.xls
2011-08-05,8787,2011,False,2011_publishedweek2011.xls
2011-08-12,8573,2011,False,2011_publishedweek2011.xls
2011-08-19,8426,2011,False,2011_publishedweek2011.xls
2011-08-26,8466,2011,False,2011_publishedweek2011.xls
2011-09-02,7717,2011,False,2011_publishedweek2011.xls
2011-09-09,8769,2011,False,2011_publishedweek2011.xls
2011-09-16,8612,2011,False,2011_publishedweek2011.xls
2011-09-23,8527,2011,False,2011_publishedweek2011.xls
2011-09-30,8919,2011,False,2011_publishedweek2011.xls
2011-10-07,8719,2011,False,2011_publishedweek2011.xls
2011-10-14,8705,2011,False,2011_publishedweek2011.xls
2011-10-21,8638,2011,False,2011_publishedweek2011.xls
2011-10-28,9139,2011,False,2011_publishedweek2011.xls
2011-11-04,9640,2011,False,2011_publishedweek2011.xls
2011-11-11,9042,2011,False,2011_publishedweek2011.xls
2011-11-18,9305,2011,False,2011_publishedweek2011.xls
2011-11-25,9166,2011,False,2011_publishedweek2011.xls
2011-12-02,9203,2011,False,2011_publishedweek2011.xls
2011-12-09,9828,2011,False,2011_publishedweek2011.xls
2011-12-16,10348,2011,False,2011_publishedweek2011.xls
2011-12-23,11151,2011,False,2011_publishedweek2011.xls
2011-12-30,8472,2011,False,2011_publishedweek2011.xls
2012-01-06,10514,2012,False,2012_publishedweek2012.xls
2012-01-13,11343,2012,False,2012_publishedweek2012.xls
2012-01-20,10393,2012,False,2012_publishedweek2012.xls
2012-01-27,10320,2012,False,2012_publishedweek2012.xls
2012-02-03,10117,2012,False,2012_publishedweek2012.xls
2012-02-10,10287,2012,False,2012_publishedweek2012.xls
2012-02-17,10532,2012,False,2012_publishedweek2012.xls
2012-02-24,11086,2012,False,2012_publishedweek2012.xls
2012-03-02,10945,2012,False,2012_publishedweek2012.xls
2012-03-09,10507,2012,False,2012_publishedweek2012.xls
2012-03-16,10041,2012,False,2012_publishedweek2012.xls
2012-03-23,9864,2012,False,2012_publishedweek2012.xls
2012-03-30,9634,2012,False,2012_publishedweek2012.xls
2012-04-06,8520,2012,False,2012_publishedweek2012.xls
2012-04-13,9992,2012,False,2012_publishedweek2012.xls
2012-04-20,10816,2012,False,2012_publishedweek2012.xls
2012-04-27,10238,2012,False,2012_publishedweek2012.xls
2012-05-04,9957,2012,False,2012_publishedweek2012.xls
2012-05-11,8868,2012,False,2012_publishedweek2012.xls
2012-05-18,9913,2012,False,2012_publishedweek2012.xls
2012-05-25,9602,2012,False,2012_publishedweek2012.xls
2012-06-01,9602,2012,False,2012_publishedweek2012.xls
2012-06-08,6781,2012,False,2012_publishedweek2012.xls
2012-06-15,10170,2012,False,2012_publishedweek2012.xls
2012-06-22,9054,2012,False,2012_publishedweek2012.xls
2012-06-29,8856,2012,False,2012_publishedweek2012.xls
2012-07-06,8909,2012,False,2012_publishedweek2012.xls
2012-07-13,8754,2012,False,2012_publishedweek2012.xls
2012-07-20,8684,2012,False,2012_publishedweek2012.xls
2012-07-27,8877,2012,False,2012_publishedweek2012.xls
2012-08-03,8942,2012,False,2012_publishedweek2012.xls
2012-08-10,8810,2012,False,2012_publishedweek2012.xls
2012-08-17,8776,2012,False,2012_publishedweek2012.xls
2012-08-24,8977,2012,False,2012_publishedweek2012.xls
2012-08-31,7617,2012,False,2012_publishedweek2012.xls
2012-09-07,8848,2012,False,2012_publishedweek2012.xls
2012-09-14,8641,2012,False,2012_publishedweek2012.xls
2012-09-21,8839,2012,False,2012_publishedweek2012.xls
2012-09-28,8865,2012,False,2012_publishedweek2012.xls
2012-10-05,9070,2012,False,2012_publishedweek2012.xls
2012-10-12,9441,2012,False,2012_publishedweek2012.xls
2012-10-19,9284,2012,False,2012_publishedweek2012.xls
2012-10-26,9550,2012,False,2012_publishedweek2012.xls
2012-11-02,9335,2012,False,2012_publishedweek2012.xls
2012-11-09,9683,2012,False,2012_publishedweek2012.xls
2012-11-16,9900,2012,False,2012_publishedweek2012.xls
2012-11-23,9679,2012,False,2012_publishedweek2012.xls
2012-11-30,9394,2012,False,2012_publishedweek2012.xls
2012-12-07,9844,2012,False,2012_publishedweek2012.xls
2012-12-14,10388,2012,False,2012_publishedweek2012.xls
2012-12-21,11461,2012,False,2012_publishedweek2012.xls
2012-12-28,8096,2012,False,2012_publishedweek2012.xls
2013-01-04,11620,2013,False,2013_publishedweek2013.xls
2013-01-11,12541,2013,False,2013_publishedweek2013.xls
2013-01-18,11075,2013,False,2013_publishedweek2013.xls
2013-01-25,11262,2013,False,2013_publishedweek2013.xls
2013-02-01,11314,2013,False,2013_publishedweek2013.xls
2013-02-08,11044,2013,False,2013_publishedweek2013.xls
2013-02-15,11030,2013,False,2013_publishedweek2013.xls
2013-02-22,10850,2013,False,2013_publishedweek2013.xls
2013-03-01,10783,2013,False,2013_publishedweek2013.xls
2013-03-08,11245,2013,False,2013_publishedweek2013.xls
2013-03-15,11180,2013,False,2013_publishedweek2013.xls
2013-03-22,11075,2013,False,2013_publishedweek2013.xls
2013-03-29,9280,2013,False,2013_publishedweek2013.xls
2013-04-05,10890,2013,False,2013_publishedweek2013.xls
2013-04-12,12147,2013,False,2013_publishedweek2013.xls
2013-04-19,11752,2013,False,2013_publishedweek2013.xls
2013-04-26,10625,2013,False,2013_publishedweek2013.xls
2013-05-03,10169,2013,False,2013_publishedweek2013.xls
2013-05-10,8814,2013,False,2013_publishedweek2013.xls
2013-05-17,9847,2013,False,2013_publishedweek2013.xls
2013-05-24,9530,2013,False,2013_publishedweek2013.xls
2013-05-31,8333,2013,False,2013_publishedweek2013.xls
2013-06-07,9482,2013,False,2013_publishedweek2013.xls
2013-06-14,8869,2013,False,2013_publishedweek2013.xls
2013-06-21,8904,2013,False,2013_publishedweek2013.xls
2013-06-28,8589,2013,False,2013_publishedweek2013.xls
2013-07-05,8790,2013,False,2013_publishedweek2013.xls
2013-07-12,8533,2013,False,2013_publishedweek2013.xls
2013-07-19,8790,2013,False,2013_publishedweek2013.xls
2013-07-26,8476,2013,False,2013_publishedweek2013.xls
2013-08-02,8159,2013,False,2013_publishedweek2013.xls
2013-08-09,8280,2013,False,2013_publishedweek2013.xls
2013-08-16,8231,2013,False,2013_publishedweek2013.xls
2013-08-23,8579,2013,False,2013_publishedweek2013.xls
2013-08-30,7688,2013,False,2013_publishedweek2013.xls
2013-09-06,8905,2013,False,2013_publishedweek2013.xls
2013-09-13,8347,2013,False,2013_publishedweek2013.xls
2013-09-20,8635,2013,False,2013_publishedweek2013.xls
2013-09-27,9155,2013,False,2013_publishedweek2013.xls
2013-10-04,9191,2013,False,2013_publishedweek2013.xls
2013-10-11,8939,2013,False,2013_publishedweek2013.xls
2013-10-18,9237,2013,False,2013_publishedweek2013.xls
2013-10-25,9236,2013,False,2013_publishedweek2013.xls
2013-11-01,9107,2013,False,2013_publishedweek2013.xls
2013-11-08,9449,2013,False,2013_publishedweek2013.xls
2013-11-15,9583,2013,False,2013_publishedweek2013.xls
2013-11-22,9587,2013,False,2013_publishedweek2013.xls
2013-11-29,9636,2013,False,2013_publishedweek2013.xls
2013-12-06,9908,2013,False,2013_publishedweek2013.xls
2013-12-13,10033,2013,False,2013_publishedweek2013.xls
2013-12-20,10335,2013,False,2013_publishedweek2013.xls
2013-12-27,6606,2013,False,2013_publishedweek2013.xls
2014-01-03,11448,2014,False,2014_publishedweek2014.xls
2014-01-10,11847,2014,False,2014_publishedweek2014.xls
2014-01-17,11061,2014,False,2014_publishedweek2014.xls
2014-01-24,10374,2014,False,2014_publishedweek2014.xls
2014-01-31,10258,2014,False,2014_publishedweek2014.xls
2014-02-07,10147,2014,False,2014_publishedweek2014.xls
2014-02-14,10198,2014,False,2014_publishedweek2014.xls
2014-02-21,10427,2014,False,2014_publishedweek2014.xls
2014-02-28,10377,2014,False,2014_publishedweek2014.xls
2014-03-07,9828,2014,False,2014_publishedweek2014.xls
2014-03-14,10005,2014,False,2014_publishedweek2014.xls
2014-03-21,9832,2014,False,2014_publishedweek2014.xls
2014-03-28,9622,2014,False,2014_publishedweek2014.xls
2014-04-04,9944,2014,False,2014_publishedweek2014.xls
2014-04-11,9504,2014,False,2014_publishedweek2014.xls
2014-04-18,8000,2014,False,2014_publishedweek2014.xls
2014-04-25,9359,2014,False,2014_publishedweek2014.xls
2014-05-02,10527,2014,False,2014_publishedweek2014.xls
2014-05-09,8613,2014,False,2014_publishedweek2014.xls
2014-05-16,9513,2014,False,2014_publishedweek2014.xls
2014-05-23,9313,2014,False,2014_publishedweek2014.xls
2014-05-30,8034,2014,False,2014_publishedweek2014.xls
2014-06-06,9557,2014,False,2014_publishedweek2014.xls
2014-06-13,9414,2014,False,2014_publishedweek2014.xls
2014-06-20,8946,2014,False,2014_publishedweek2014.xls
2014-06-27,8931,2014,False,2014_publishedweek2014.xls
2014-07-04,8763,2014,False,2014_publishedweek2014.xls
2014-07-11,8784,2014,False,2014_publishedweek2014.xls
2014-07-18,9119,2014,False,2014_publishedweek2014.xls
2014-07-25,8965,2014,False,2014_publishedweek2014.xls
2014-08-01,8916,2014,False,2014_publishedweek2014.xls
2014-08-08,8755,2014,False,2014_publishedweek2014.xls
2014-08-15,8792,2014,False,2014_publishedweek2014.xls
2014-08-22,8769,2014,False,2014_publishedweek2014.xls
2014-08-29,8027,2014,False,2014_publishedweek2014.xls
2014-09-05,9671,2014,False,2014_publishedweek2014.xls
2014-09-12,9284,2014,False,2014_publishedweek2014.xls
2014-09-19,9107,2014,False,2014_publishedweek2014.xls
2014-09-26,9048,2014,False,2014_publishedweek2014.xls
2014-10-03,9271,2014,False,2014_publishedweek2014.xls
2014-10-10,9173,2014,False,2014_publishedweek2014.xls
2014-10-17,9464,2014,False,2014_publishedweek2014.xls
2014-10-24,9603,2014,False,2014_publishedweek2014.xls
2014-10-31,9586,2014,False,2014_publishedweek2014.xls
2014-11-07,9753,2014,False,2014_publishedweek2014.xls
2014-11-14,10036,2014,False,2014_publishedweek2014.xls
2014-11-21,9472,2014,False,2014_publishedweek2014.xls
2014-11-28,9928,2014,False,2014_publishedweek2014.xls
2014-12-05,10267,2014,False,2014_publishedweek2014.xls
2014-12-12,10550,2014,False,2014_publishedweek2014.xls
2014-12-19,11681,2014,False,2014_publishedweek2014.xls
2014-12-26,7837,2014,False,2014_publishedweek2014.xls
2015-01-02,12286,2015,False,2015_publishedweek2015.xls
2015-01-09,16237,2015,False,2015_publishedweek2015.xls
2015-01-16,14866,2015,False,2015_publishedweek2015.xls
2015-01-23,13934,2015,False,2015_publishedweek2015.xls
2015-01-30,12900,2015,False,2015_publishedweek2015.xls
2015-02-06,12039,2015,False,2015_publishedweek2015.xls
2015-02-13,11822,2015,False,2015_publishedweek2015.xls
2015-02-20,11434,2015,False,2015_publishedweek2015.xls
2015-02-27,11472,2015,False,2015_publishedweek2015.xls
2015-03-06,11469,2015,False,2015_publishedweek2015.xls
2015-03-13,10951,2015,False,2015_publishedweek2015.xls
2015-03-20,10568,2015,False,2015_publishedweek2015.xls
2015-03-27,10493,2015,False,2015_publishedweek2015.xls
2015-04-03,9062,2015,False,2015_publishedweek2015.xls
2015-04-10,10089,2015,False,2015_publishedweek2015.xls
2015-04-17,11639,2015,False,2015_publishedweek2015.xls
2015-04-24,10599,2015,False,2015_publishedweek2015.xls
2015-05-01,10134,2015,False,2015_publishedweek2015.xls
2015-05-08,8862,2015,False,2015_publishedweek2015.xls
2015-05-15,10290,2015,False,2015_publishedweek2015.xls
2015-05-22,10005,2015,False,2015_publishedweek2015.xls
2015-05-29,8213,2015,False,2015_publishedweek2015.xls
2015-06-05,10157,2015,False,2015_publishedweek2015.xls
2015-06-12,9548,2015,False,2015_publishedweek2015.xls
2015-06-19,9312,2015,False,2015_publishedweek2015.xls
2015-06-26,9190,2015,False,2015_publishedweek2015.xls
2015-07-03,9205,2015,False,2015_publishedweek2015.xls
2015-07-10,9015,2015,False,2015_publishedweek2015.xls
2015-07-17,8802,2015,False,2015_publishedweek2015.xls
2015-07-24,8791,2015,False,2015_publishedweek2015.xls
2015-07-31,8617,2015,False,2015_publishedweek2015.xls
2015-08-07,8862,2015,False,2015_publishedweek2015.xls
2015-08-14,9148,2015,False,2015_publishedweek2015.xls
2015-08-21,9121,2015,False,2015_publishedweek2015.xls
2015-08-28,9026,2015,False,2015_publishedweek2015.xls
2015-09-04,7878,2015,False,2015_publishedweek2015.xls
2015-09-11,9258,2015,False,2015_publishedweek2015.xls
2015-09-18,9097,2015,False,2015_publishedweek2015.xls
2015-09-25,9529,2015,False,2015_publishedweek2015.xls
2015-10-02,9410,2015,False,2015_publishedweek2015.xls
2015-10-09,9776,2015,False,2015_publishedweek2015.xls
2015-10-16,9511,2015,False,2015_publishedweek2015.xls
2015-10-23,9711,2015,False,2015_publishedweek2015.xls
2015-10-30,9618,2015,False,2015_publishedweek2015.xls
2015-11-06,9994,2015,False,2015_publishedweek2015.xls
2015-11-13,9938,2015,False,2015_publishedweek2015.xls
2015-11-20,9830,2015,False,2015_publishedweek2015.xls
2015-11-27,9822,2015,False,2015_publishedweek2015.xls
2015-12-04,10365,2015,False,2015_publishedweek2015.xls
2015-12-11,10269,2015,False,2015_publishedweek2015.xls
2015-12-18,10689,2015,False,2015_publishedweek2015.xls
2015-12-25,8630,2015,False,2015_publishedweek2015.xls
2016-01-01,7524,2015,False,2015_publishedweek2015.xls
2016-01-08,13045,2016,False,2016_publishedweek522016.xls
2016-01-15,11501,2016,False,2016_publishedweek522016.xls
2016-01-22,11473,2016,False,2016_publishedweek522016.xls
2016-01-29,11317,2016,False,2016_publishedweek522016.xls
2016-02-05,11052,2016,False,2016_publishedweek522016.xls
2016-02-12,11170,2016,False,2016_publishedweek522016.xls
2016-02-19,10590,2016,False,2016_publishedweek522016.xls
2016-02-26,11056,2016,False,2016_publishedweek522016.xls
2016-03-04,11285,2016,False,2016_publishedweek522016.xls
2016-03-11,11010,2016,False,2016_publishedweek522016.xls
2016-03-18,11022,2016,False,2016_publishedweek522016.xls
2016-03-25,9635,2016,False,2016_publishedweek522016.xls
2016-04-01,10286,2016,False,2016_publishedweek522016.xls
2016-04-08,11599,2016,False,2016_publishedweek522016.xls
2016-04-15,11417,2016,False,2016_publishedweek522016.xls
2016-04-22,10925,2016,False,2016_publishedweek522016.xls
2016-04-29,10413,2016,False,2016_publishedweek522016.xls
2016-05-06,9137,2016,False,2016_publishedweek522016.xls
2016-05-13,10637,2016,False,2016_publishedweek522016.xls
2016-05-20,9953,2016,False,2016_publishedweek522016.xls
2016-05-27,9739,2016,False,2016_publishedweek522016.xls
2016-06-03,7909,2016,False,2016_publishedweek522016.xls
2016-06-10,9873,2016,False,2016_publishedweek522016.xls
2016-06-17,9386,2016,False,2016_publishedweek522016.xls
2016-06-24,9365,2016,False,2016_publishedweek522016.xls
2016-07-01,9228,2016,False,2016_publishedweek522016.xls
2016-07-08,9138,2016,False,2016_publishedweek522016.xls
2016-07-15,9388,2016,False,2016_publishedweek522016.xls
2016-07-22,9350,2016,False,2016_publishedweek522016.xls
2016-07-29,9335,2016,False,2016_publishedweek522016.xls
2016-08-05,9182,2016,False,2016_publishedweek522016.xls
2016-08-12,9172,2016,False,2016_publishedweek522016.xls
2016-08-19,9070,2016,False,2016_publishedweek522016.xls
2016-08-26,9319,2016,False,2016_publishedweek522016.xls
2016-09-02,7923,2016,False,2016_publishedweek522016.xls
2016-09-09,9399,2016,False,2016_publishedweek522016.xls
2016-09-16,9124,2016,False,2016_publishedweek522016.xls
2016-09-23,8945,2016,False,2016_publishedweek522016.xls
2016-09-30,8994,2016,False,2016_publishedweek522016.xls
2016-10-07,9291,2016,False,2016_publishedweek522016.xls
2016-10-14,9719,2016,False,2016_publishedweek522016.xls
2016-10-21,9768,2016,False,2016_publishedweek522016.xls
2016-10-28,9724,2016,False,2016_publishedweek522016.xls
2016-11-04,10152,2016,False,2016_publishedweek522016.xls
2016-11-11,10470,2016,False,2016_publishedweek522016.xls
2016-11-18,10694,2016,False,2016_publishedweek522016.xls
2016-11-25,10603,2016,False,2016_publishedweek522016.xls
2016-12-02,10439,2016,False,2016_publishedweek522016.xls
2016-12-09,11223,2016,False,2016_publishedweek522016.xls
2016-12-16,10533,2016,False,2016_publishedweek522016.xls
2016-12-23,11493,2016,False,2016_publishedweek522016.xls
2016-12-30,8003,2016,False,2016_publishedweek522016.xls
2017-01-06,11991,2017,False,2017_publishedweek522017.xls
2017-01-13,13715,2017,False,2017_publishedweek522017.xls
2017-01-20,13610,2017,False,2017_publishedweek522017.xls
2017-01-27,12877,2017,False,2017_publishedweek522017.xls
2017-02-03,12485,2017,False,2017_publishedweek522017.xls
2017-02-10,12269,2017,False,2017_publishedweek522017.xls
2017-02-17,11644,2017,False,2017_publishedweek522017.xls
2017-02-24,11794,2017,False,2017_publishedweek522017.xls
2017-03-03,11248,2017,False,2017_publishedweek522017.xls
2017-03-10,11077,2017,False,2017_publishedweek522017.xls
2017-03-17,10697,2017,False,2017_publishedweek522017.xls
2017-03-24,10325,2017,False,2017_publishedweek522017.xls
2017-03-31,10027,2017,False,2017_publishedweek522017.xls
2017-04-07,9939,2017,False,2017_publishedweek522017.xls
2017-04-14,8493,2017,False,2017_publishedweek522017.xls
2017-04-21,9644,2017,False,2017_publishedweek522017.xls
2017-04-28,10908,2017,False,2017_publishedweek522017.xls
2017-05-05,9064,2017,False,2017_publishedweek522017.xls
2017-05-12,10693,2017,False,2017_publishedweek522017.xls
2017-05-19,10288,2017,False,2017_publishedweek522017.xls
2017-05-26,10040,2017,False,2017_publishedweek522017.xls
2017-06-02,8332,2017,False,2017_publishedweek522017.xls
2017-06-09,9766,2017,False,2017_publishedweek522017.xls
2017-06-16,9367,2017,False,2017_publishedweek522017.xls
2017-06-23,9627,2017,False,2017_publishedweek522017.xls
2017-06-30,9334,2017,False,2017_publishedweek522017.xls
2017-07-07,9263,2017,False,2017_publishedweek522017.xls
2017-07-14,9376,2017,False,2017_publishedweek522017.xls
2017-07-21,9113,2017,False,2017_publishedweek522017.xls
2017-07-28,8882,2017,False,2017_publishedweek522017.xls
2017-08-04,8941,2017,False,2017_publishedweek522017.xls
2017-08-11,9038,2017,False,2017_publishedweek522017.xls
2017-08-18,9299,2017,False,2017_publishedweek522017.xls
2017-08-25,9382,2017,False,2017_publishedweek522017.xls
2017-09-01,8149,2017,False,2017_publishedweek522017.xls
2017-09-08,9497,2017,False,2017_publishedweek522017.xls
2017-09-15,9454,2017,False,2017_publishedweek522017.xls
2017-09-22,9534,2017,False,2017_publishedweek522017.xls
2017-09-29,9689,2017,False,2017_publishedweek522017.xls
2017-10-06,9778,2017,False,2017_publishedweek522017.xls
2017-10-13,9940,2017,False,2017_publishedweek522017.xls
2017-10-20,10031,2017,False,2017_publishedweek522017.xls
2017-10-27,9739,2017,False,2017_publishedweek522017.xls
2017-11-03,9984,2017,False,2017_publishedweek522017.xls
2017-11-10,10346,2017,False,2017_publishedweek522017.xls
2017-11-17,10275,2017,False,2017_publishedweek522017.xls
2017-11-24,10621,2017,False,2017_publishedweek522017.xls
2017-12-01,10538,2017,False,2017_publishedweek522017.xls
2017-12-08,10781,2017,False,2017_publishedweek522017.xls
2017-12-15,11217,2017,False,2017_publishedweek522017.xls
2017-12-22,12517,2017,False,2017_publishedweek522017.xls
2017-12-29,8487,2017,False,2017_publishedweek522017.xls
2018-01-05,12723,2018,False,2018_publishedweek522018withupdatedrespiratoryrow.xls
2018-01-12,15050,2018,False,2018_publishedweek522018withupdatedrespiratoryrow.xls
2018-01-19,14256,2018,False,2018_publishedweek522018withupdatedrespiratoryrow.xls
2018-01-26,13935,2018,False,2018_publishedweek522018withupdatedrespiratoryrow.xls
2018-02-02,13285,2018,False,2018_publishedweek522018withupdatedrespiratoryrow.xls
2018-02-09,12495,2018,False,2018_publishedweek522018withupdatedrespiratoryrow.xls
2018-02-16,12246,2018,False,2018_publishedweek522018withupdatedrespiratoryrow.xls
2018-02-23,12142,2018,False,2018_publishedweek522018withupdatedrespiratoryrow.xls
2018-03-02,10854,2018,False,2018_publishedweek522018withupdatedrespiratoryrow.xls
2018-03-09,12997,2018,False,2018_publishedweek522018withupdatedrespiratoryrow.xls
2018-03-16,12788,2018,False,2018_publishedweek522018withupdatedrespiratoryrow.xls
2018-03-23,11913,2018,False,2018_publishedweek522018withupdatedrespiratoryrow.xls
2018-03-30,9941,2018,False,2018_publishedweek522018withupdatedrespiratoryrow.xls
2018-04-06,10794,2018,False,2018_publishedweek522018withupdatedrespiratoryrow.xls
2018-04-13,12301,2018,False,2018_publishedweek522018withupdatedrespiratoryrow.xls
2018-04-20,11223,2018,False,2018_publishedweek522018withupdatedrespiratoryrow.xls
2018-04-27,10306,2018,False,2018_publishedweek522018withupdatedrespiratoryrow.xls
2018-05-04,10153,2018,False,2018_publishedweek522018withupdatedrespiratoryrow.xls
2018-05-11,8624,2018,False,2018_publishedweek522018withupdatedrespiratoryrow.xls
2018-05-18,10141,2018,False,2018_publishedweek522018withupdatedrespiratoryrow.xls
2018-05-25,9636,2018,False,2018_publishedweek522018withupdatedrespiratoryrow.xls
2018-06-01,8147,2018,False,2018_publishedweek522018withupdatedrespiratoryrow.xls
2018-06-08,9950,2018,False,2018_publishedweek522018withupdatedrespiratoryrow.xls
2018-06-15,9343,2018,False,2018_publishedweek522018withupdatedrespiratoryrow.xls
2018-06-22,9256,2018,False,2018_publishedweek522018withupdatedrespiratoryrow.xls
2018-06-29,9212,2018,False,2018_publishedweek522018withupdatedrespiratoryrow.xls
2018-07-06,9258,2018,False,2018_publishedweek522018withupdatedrespiratoryrow.xls
2018-07-13,9293,2018,False,2018_publishedweek522018withupdatedrespiratoryrow.xls
2018-07-20,9127,2018,False,2018_publishedweek522018withupdatedrespiratoryrow.xls
2018-07-27,9141,2018,False,2018_publishedweek522018withupdatedrespiratoryrow.xls
2018-08-03,9161,2018,False,2018_publishedweek522018withupdatedrespiratoryrow.xls
2018-08-10,9319,2018,False,2018_publishedweek522018withupdatedrespiratoryrow.xls
2018-08-17,8830,2018,False,2018_publishedweek522018withupdatedrespiratoryrow.xls
2018-08-24,8978,2018,False,2018_publishedweek522018withupdatedrespiratoryrow.xls
2018-08-31,7865,2018,False,2018_publishedweek522018withupdatedrespiratoryrow.xls
2018-09-07,9445,2018,False,2018_publishedweek522018withupdatedrespiratoryrow.xls
2018-09-14,9191,2018,False,2018_publishedweek522018withupdatedrespiratoryrow.xls
2018-09-21,9305,2018,False,2018_publishedweek522018withupdatedrespiratoryrow.xls
2018-09-28,9150,2018,False,2018_publishedweek522018withupdatedrespiratoryrow.xls
2018-10-05,9503,2018,False,2018_publishedweek522018withupdatedrespiratoryrow.xls
2018-10-12,9649,2018,False,2018_publishedweek522018withupdatedrespiratoryrow.xls
2018-10-19,9864,2018,False,2018_publishedweek522018withupdatedrespiratoryrow.xls
2018-10-26,9603,2018,False,2018_publishedweek522018withupdatedrespiratoryrow.xls
2018-11-02,9529,2018,False,2018_publishedweek522018withupdatedrespiratoryrow.xls
2018-11-09,10151,2018,False,2018_publishedweek522018withupdatedrespiratoryrow.xls
2018-11-16,10193,2018,False,2018_publishedweek522018withupdatedrespiratoryrow.xls
2018-11-23,9957,2018,False,2018_publishedweek522018withupdatedrespiratoryrow.xls
2018-11-30,10033,2018,False,2018_publishedweek522018withupdatedrespiratoryrow.xls
2018-12-07,10287,2018,False,2018_publishedweek522018withupdatedrespiratoryrow.xls
2018-12-14,10550,2018,False,2018_publishedweek522018withupdatedrespiratoryrow.xls
2018-12-21,11116,2018,False,2018_publishedweek522018withupdatedrespiratoryrow.xls
2018-12-28,7131,2018,False,2018_publishedweek522018withupdatedrespiratoryrow.xls
2019-01-04,10955,2019,False,2019_publishedweek522019.xls
2019-01-11,12609,2019,False,2019_publishedweek522019.xls
2019-01-18,11860,2019,False,2019_publishedweek522019.xls
2019-01-25,11740,2019,False,2019_publishedweek522019.xls
2019-02-01,11297,2019,False,2019_publishedweek522019.xls
2019-02-08,11660,2019,False,2019_publishedweek522019.xls
2019-02-15,11824,2019,False,2019_publishedweek522019.xls
2019-02-22,11295,2019,False,2019_publishedweek522019.xls
2019-03-01,11044,2019,False,2019_publishedweek522019.xls
2019-03-08,10898,2019,False,2019_publishedweek522019.xls
2019-03-15,10567,2019,False,2019_publishedweek522019.xls
2019-03-22,10402,2019,False,2019_publishedweek522019.xls
2019-03-29,9867,2019,False,2019_publishedweek522019.xls
2019-04-05,10126,2019,False,2019_publishedweek522019.xls
2019-04-12,10291,2019,False,2019_publishedweek522019.xls
2019-04-19,9025,2019,False,2019_publishedweek522019.xls
2019-04-26,10059,2019,False,2019_publishedweek522019.xls
2019-05-03,11207,2019,False,2019_publishedweek522019.xls
2019-05-10,9055,2019,False,2019_publishedweek522019.xls
2019-05-17,10272,2019,False,2019_publishedweek522019.xls
2019-05-24,10284,2019,False,2019_publishedweek522019.xls
2019-05-31,8260,2019,False,2019_publishedweek522019.xls
2019-06-07,10140,2019,False,2019_publishedweek522019.xls
2019-06-14,9445,2019,False,2019_publishedweek522019.xls
2019-06-21,9458,2019,False,2019_publishedweek522019.xls
2019-06-28,9511,2019,False,2019_publishedweek522019.xls
2019-07-05,9062,2019,False,2019_publishedweek522019.xls
2019-07-12,9179,2019,False,2019_publishedweek522019.xls
2019-07-19,9080,2019,False,2019_publishedweek522019.xls
2019-07-26,9112,2019,False,2019_publishedweek522019.xls
2019-08-02,9271,2019,False,2019_publishedweek522019.xls
2019-08-09,9122,2019,False,2019_publishedweek522019.xls
2019-08-16,9093,2019,False,2019_publishedweek522019.xls
2019-08-23,8994,2019,False,2019_publishedweek522019.xls
2019-08-30,8242,2019,False,2019_publishedweek522019.xls
2019-09-06,9695,2019,False,2019_publishedweek522019.xls
2019-09-13,9513,2019,False,2019_publishedweek522019.xls
2019-09-20,9440,2019,False,2019_publishedweek522019.xls
2019-09-27,9517,2019,False,2019_publishedweek522019.xls
2019-10-04,9799,2019,False,2019_publishedweek522019.xls
2019-10-11,9973,2019,False,2019_publishedweek522019.xls
2019-10-18,10156,2019,False,2019_publishedweek522019.xls
2019-10-25,10021,2019,False,2019_publishedweek522019.xls
2019-11-01,10164,2019,False,2019_publishedweek522019.xls
2019-11-08,10697,2019,False,2019_publishedweek522019.xls
2019-11-15,10650,2019,False,2019_publishedweek522019.xls
2019-11-22,10882,2019,False,2019_publishedweek522019.xls
2019-11-29,10958,2019,False,2019_publishedweek522019.xls
2019-12-06,10816,2019,False,2019_publishedweek522019.xls
2019-12-13,11188,2019,False,2019_publishedweek522019.xls
2019-12-20,11926,2019,False,2019_publishedweek522019.xls
2019-12-27,7533,2019,False,2019_publishedweek522019.xls
2020-01-03,12254,2020,False,2020_publishedweek532020.xlsx
2020-01-10,14058,2020,False,2020_publishedweek532020.xlsx
2020-01-17,12990,2020,False,2020_publishedweek532020.xlsx
2020-01-24,11856,2020,False,2020_publishedweek532020.xlsx
2020-01-31,11612,2020,False,2020_publishedweek532020.xlsx
2020-02-07,10986,2020,False,2020_publishedweek532020.xlsx
2020-02-14,10944,2020,False,2020_publishedweek532020.xlsx
2020-02-21,10841,2020,False,2020_publishedweek532020.xlsx
2020-02-28,10816,2020,False,2020_publishedweek532020.xlsx
2020-03-06,10895,2020,False,2020_publishedweek532020.xlsx
2020-03-13,11019,2020,False,2020_publishedweek532020.xlsx
2020-03-20,10645,2020,False,2020_publishedweek532020.xlsx
2020-03-27,11141,2020,False,2020_publishedweek532020.xlsx
2020-04-03,16387,2020,False,2020_publishedweek532020.xlsx
2020-04-10,18516,2020,False,2020_publishedweek532020.xlsx
2020-04-17,22351,2020,False,2020_publishedweek532020.xlsx
2020-04-24,21997,2020,False,2020_publishedweek532020.xlsx
2020-05-01,17953,2020,False,2020_publishedweek532020.xlsx
2020-05-08,12657,2020,False,2020_publishedweek532020.xlsx
2020-05-15,14573,2020,False,2020_publishedweek532020.xlsx
2020-05-22,12288,2020,False,2020_publishedweek532020.xlsx
2020-05-29,9824,2020,False,2020_publishedweek532020.xlsx
2020-06-05,10709,2020,False,2020_publishedweek532020.xlsx
2020-06-12,9976,2020,False,2020_publishedweek532020.xlsx
2020-06-19,9339,2020,False,2020_publishedweek532020.xlsx
2020-06-26,8979,2020,False,2020_publishedweek532020.xlsx
2020-07-03,9140,2020,False,2020_publishedweek532020.xlsx
2020-07-10,8690,2020,False,2020_publishedweek532020.xlsx
2020-07-17,8823,2020,False,2020_publishedweek532020.xlsx
2020-07-24,8891,2020,False,2020_publishedweek532020.xlsx
2020-07-31,8946,2020,False,2020_publishedweek532020.xlsx
2020-08-07,8945,2020,False,2020_publishedweek532020.xlsx
2020-08-14,9392,2020,False,2020_publishedweek532020.xlsx
2020-08-21,9631,2020,False,2020_publishedweek532020.xlsx
2020-08-28,9032,2020,False,2020_publishedweek532020.xlsx
2020-09-04,7739,2020,False,2020_publishedweek532020.xlsx
2020-09-11,9811,2020,False,2020_publishedweek532020.xlsx
2020-09-18,9523,2020,False,2020_publishedweek532020.xlsx
2020-09-25,9634,2020,False,2020_publishedweek532020.xlsx
2020-10-02,9945,2020,False,2020_publishedweek532020.xlsx
2020-10-09,9954,2020,False,2020_publishedweek532020.xlsx
2020-10-16,10534,2020,False,2020_publishedweek532020.xlsx
2020-10-23,10739,2020,False,2020_publishedweek532020.xlsx
2020-10-30,10887,2020,False,2020_publishedweek532020.xlsx
2020-11-06,11812,2020,False,2020_publishedweek532020.xlsx
2020-11-13,12254,2020,False,2020_publishedweek532020.xlsx
2020-11-20,12535,2020,False,2020_publishedweek532020.xlsx
2020-11-27,12456,2020,False,2020_publishedweek532020.xlsx
2020-12-04,12303,2020,False,2020_publishedweek532020.xlsx
2020-12-11,12292,2020,False,2020_publishedweek532020.xlsx
2020-12-18,13011,2020,False,2020_publishedweek532020.xlsx
2020-12-25,11520,2020,False,2020_publishedweek532020.xlsx
2021-01-01,10069,2020,False,2020_publishedweek532020.xlsx
2021-01-08,17751,2021,False,2021_publishedweek522021.xlsx
2021-01-15,18042,2021,False,2021_publishedweek522021.xlsx
2021-01-22,18676,2021,False,2021_publishedweek522021.xlsx
2021-01-29,18448,2021,False,2021_publishedweek522021.xlsx
2021-02-05,17192,2021,False,2021_publishedweek522021.xlsx
2021-02-12,15354,2021,False,2021_publishedweek522021.xlsx
2021-02-19,13809,2021,False,2021_publishedweek522021.xlsx
2021-02-26,12614,2021,False,2021_publishedweek522021.xlsx
2021-03-05,11592,2021,False,2021_publishedweek522021.xlsx
2021-03-12,10987,2021,False,2021_publishedweek522021.xlsx
2021-03-19,10311,2021,False,2021_publishedweek522021.xlsx
2021-03-26,10045,2021,False,2021_publishedweek522021.xlsx
2021-04-02,8201,2021,False,2021_publishedweek522021.xlsx
2021-04-09,9098,2021,False,2021_publishedweek522021.xlsx
2021-04-16,10438,2021,False,2021_publishedweek522021.xlsx
2021-04-23,9941,2021,False,2021_publishedweek522021.xlsx
2021-04-30,9692,2021,False,2021_publishedweek522021.xlsx
2021-05-07,7986,2021,False,2021_publishedweek522021.xlsx
2021-05-14,10164,2021,False,2021_publishedweek522021.xlsx
2021-05-21,9860,2021,False,2021_publishedweek522021.xlsx
2021-05-28,9628,2021,False,2021_publishedweek522021.xlsx
2021-06-04,7778,2021,False,2021_publishedweek522021.xlsx
2021-06-11,10204,2021,False,2021_publishedweek522021.xlsx
2021-06-18,9459,2021,False,2021_publishedweek522021.xlsx
2021-06-25,8690,2021,False,2021_publishedweek522021.xlsx
2021-07-02,8808,2021,False,2021_publishedweek522021.xlsx
2021-07-09,9752,2021,False,2021_publishedweek522021.xlsx
2021-07-16,9697,2021,False,2021_publishedweek522021.xlsx
2021-07-23,9744,2021,False,2021_publishedweek522021.xlsx
2021-07-30,10135,2021,False,2021_publishedweek522021.xlsx
2021-08-06,10187,2021,False,2021_publishedweek522021.xlsx
2021-08-13,10372,2021,False,2021_publishedweek522021.xlsx
2021-08-20,10013,2021,False,2021_publishedweek522021.xlsx
2021-08-27,10268,2021,False,2021_publishedweek522021.xlsx
2021-09-03,8797,2021,False,2021_publishedweek522021.xlsx
2021-09-10,11035,2021,False,2021_publishedweek522021.xlsx
2021-09-17,11009,2021,False,2021_publishedweek522021.xlsx
2021-09-24,10684,2021,False,2021_publishedweek522021.xlsx
2021-10-01,10510,2021,False,2021_publishedweek522021.xlsx
2021-10-08,10807,2021,False,2021_publishedweek522021.xlsx
2021-10-15,11177,2021,False,2021_publishedweek522021.xlsx
2021-10-22,11308,2021,False,2021_publishedweek522021.xlsx
2021-10-29,10987,2021,False,2021_publishedweek522021.xlsx
2021-11-05,11550,2021,False,2021_publishedweek522021.xlsx
2021-11-12,12050,2021,False,2021_publishedweek522021.xlsx
2021-11-19,12103,2021,False,2021_publishedweek522021.xlsx
2021-11-26,11467,2021,False,2021_publishedweek522021.xlsx
2021-12-03,11659,2021,False,2021_publishedweek522021.xlsx
2021-12-10,11930,2021,False,2021_publishedweek522021.xlsx
2021-12-17,12400,2021,False,2021_publishedweek522021.xlsx
2021-12-24,13013,2021,False,2021_publishedweek522021.xlsx
2021-12-31,8477,2021,False,2021_publishedweek522021.xlsx
2022-01-07,12262,2022,False,2022_publicationfileweek522022.xlsx
2022-01-14,13311,2022,False,2022_publicationfileweek522022.xlsx
2022-01-21,12776,2022,False,2022_publicationfileweek522022.xlsx
2022-01-28,12401,2022,False,2022_publicationfileweek522022.xlsx
2022-02-04,11862,2022,False,2022_publicationfileweek522022.xlsx
2022-02-11,11558,2022,False,2022_publicationfileweek522022.xlsx
2022-02-18,11271,2022,False,2022_publicationfileweek522022.xlsx
2022-02-25,11150,2022,False,2022_publicationfileweek522022.xlsx
2022-03-04,11225,2022,False,2022_publicationfileweek522022.xlsx
2022-03-11,11227,2022,False,2022_publicationfileweek522022.xlsx
2022-03-18,10927,2022,False,2022_publicationfileweek522022.xlsx
2022-03-25,10745,2022,False,2022_publicationfileweek522022.xlsx
2022-04-01,9840,2022,False,2022_publicationfileweek522022.xlsx
2022-04-08,10687,2022,False,2022_publicationfileweek522022.xlsx
2022-04-15,9919,2022,False,2022_publicationfileweek522022.xlsx
2022-04-22,10680,2022,False,2022_publicationfileweek522022.xlsx
2022-04-29,12441,2022,False,2022_publicationfileweek522022.xlsx
2022-05-06,9941,2022,False,2022_publicationfileweek522022.xlsx
2022-05-13,12048,2022,False,2022_publicationfileweek522022.xlsx
2022-05-20,11520,2022,False,2022_publicationfileweek522022.xlsx
2022-05-27,10860,2022,False,2022_publicationfileweek522022.xlsx
2022-06-03,6825,2022,False,2022_publicationfileweek522022.xlsx
2022-06-10,11742,2022,False,2022_publicationfileweek522022.xlsx
2022-06-17,10844,2022,False,2022_publicationfileweek522022.xlsx
2022-06-24,10836,2022,False,2022_publicationfileweek522022.xlsx
2022-07-01,10357,2022,False,2022_publicationfileweek522022.xlsx
2022-07-08,10232,2022,False,2022_publicationfileweek522022.xlsx
2022-07-15,10515,2022,False,2022_publicationfileweek522022.xlsx
2022-07-22,10978,2022,False,2022_publicationfileweek522022.xlsx
2022-07-29,11013,2022,False,2022_publicationfileweek522022.xlsx
2022-08-05,10698,2022,False,2022_publicationfileweek522022.xlsx
2022-08-12,10355,2022,False,2022_publicationfileweek522022.xlsx
2022-08-19,10982,2022,False,2022_publicationfileweek522022.xlsx
2022-08-26,10942,2022,False,2022_publicationfileweek522022.xlsx
2022-09-02,8868,2022,False,2022_publicationfileweek522022.xlsx
2022-09-09,10753,2022,False,2022_publicationfileweek522022.xlsx
2022-09-16,10673,2022,False,2022_publicationfileweek522022.xlsx
2022-09-23,8751,2022,False,2022_publicationfileweek522022.xlsx
2022-09-30,10960,2022,False,2022_publicationfileweek522022.xlsx
2022-10-07,11207,2022,False,2022_publicationfileweek522022.xlsx
2022-10-14,11699,2022,False,2022_publicationfileweek522022.xlsx
2022-10-21,11938,2022,False,2022_publicationfileweek522022.xlsx
2022-10-28,11245,2022,False,2022_publicationfileweek522022.xlsx
2022-11-04,11795,2022,False,2022_publicationfileweek522022.xlsx
2022-11-11,11538,2022,False,2022_publicationfileweek522022.xlsx
2022-11-18,11579,2022,False,2022_publicationfileweek522022.xlsx
2022-11-25,11483,2022,False,2022_publicationfileweek522022.xlsx
2022-12-02,11307,2022,False,2022_publicationfileweek522022.xlsx
2022-12-09,11694,2022,False,2022_publicationfileweek522022.xlsx
2022-12-16,12389,2022,False,2022_publicationfileweek522022.xlsx
2022-12-23,14530,2022,False,2022_publicationfileweek522022.xlsx
2022-12-30,9517,2022,False,2022_publicationfileweek522022.xlsx
2023-01-06,14983,2023,False,2023_publicationfileweek522023rerun.xlsx
2023-01-13,17381,2023,False,2023_publicationfileweek522023rerun.xlsx
2023-01-20,15804,2023,False,2023_publicationfileweek522023rerun.xlsx
2023-01-27,14137,2023,False,2023_publicationfileweek522023rerun.xlsx
2023-02-03,13412,2023,False,2023_publicationfileweek522023rerun.xlsx
2023-02-10,12672,2023,False,2023_publicationfileweek522023rerun.xlsx
2023-02-17,12031,2023,False,2023_publicationfileweek522023rerun.xlsx
2023-02-24,11952,2023,False,2023_publicationfileweek522023rerun.xlsx
2023-03-03,12049,2023,False,2023_publicationfileweek522023rerun.xlsx
2023-03-10,11410,2023,False,2023_publicationfileweek522023rerun.xlsx
2023-03-17,12133,2023,False,2023_publicationfileweek522023rerun.xlsx
2023-03-24,12052,2023,False,2023_publicationfileweek522023rerun.xlsx
2023-03-31,11584,2023,False,2023_publicationfileweek522023rerun.xlsx
2023-04-07,10089,2023,False,2023_publicationfileweek522023rerun.xlsx
2023-04-14,9978,2023,False,2023_publicationfileweek522023rerun.xlsx
2023-04-21,12420,2023,False,2023_publicationfileweek522023rerun.xlsx
2023-04-28,12152,2023,False,2023_publicationfileweek522023rerun.xlsx
2023-05-05,10143,2023,False,2023_publicationfileweek522023rerun.xlsx
2023-05-12,10367,2023,False,2023_publicationfileweek522023rerun.xlsx
2023-05-19,11654,2023,False,2023_publicationfileweek522023rerun.xlsx
2023-05-26,11111,2023,False,2023_publicationfileweek522023rerun.xlsx
2023-06-02,8839,2023,False,2023_publicationfileweek522023rerun.xlsx
2023-06-09,10940,2023,False,2023_publicationfileweek522023rerun.xlsx
2023-06-16,10700,2023,False,2023_publicationfileweek522023rerun.xlsx
2023-06-23,10472,2023,False,2023_publicationfileweek522023rerun.xlsx
2023-06-30,10373,2023,False,2023_publicationfileweek522023rerun.xlsx
2023-07-07,9736,2023,False,2023_publicationfileweek522023rerun.xlsx
2023-07-14,10030,2023,False,2023_publicationfileweek522023rerun.xlsx
2023-07-21,9659,2023,False,2023_publicationfileweek522023rerun.xlsx
2023-07-28,9684,2023,False,2023_publicationfileweek522023rerun.xlsx
2023-08-04,10038,2023,False,2023_publicationfileweek522023rerun.xlsx
2023-08-11,9991,2023,False,2023_publicationfileweek522023rerun.xlsx
2023-08-18,10063,2023,False,2023_publicationfileweek522023rerun.xlsx
2023-08-25,10086,2023,False,2023_publicationfileweek522023rerun.xlsx
2023-09-01,8441,2023,False,2023_publicationfileweek522023rerun.xlsx
2023-09-08,10168,2023,False,2023_publicationfileweek522023rerun.xlsx
2023-09-15,10355,2023,False,2023_publicationfileweek522023rerun.xlsx
2023-09-22,10384,2023,False,2023_publicationfileweek522023rerun.xlsx
2023-09-29,9979,2023,False,2023_publicationfileweek522023rerun.xlsx
2023-10-06,10103,2023,False,2023_publicationfileweek522023rerun.xlsx
2023-10-13,10544,2023,False,2023_publicationfileweek522023rerun.xlsx
2023-10-20,10388,2023,False,2023_publicationfileweek522023rerun.xlsx
2023-10-27,10445,2023,False,2023_publicationfileweek522023rerun.xlsx
2023-11-03,10983,2023,False,2023_publicationfileweek522023rerun.xlsx
2023-11-10,11489,2023,False,2023_publicationfileweek522023rerun.xlsx
2023-11-17,11243,2023,False,2023_publicationfileweek522023rerun.xlsx
2023-11-24,11385,2023,False,2023_publicationfileweek522023rerun.xlsx
2023-12-01,11328,2023,False,2023_publicationfileweek522023rerun.xlsx
2023-12-08,11318,2023,False,2023_publicationfileweek522023rerun.xlsx
2023-12-15,11960,2023,False,2023_publicationfileweek522023rerun.xlsx
2023-12-22,13213,2023,False,2023_publicationfileweek522023rerun.xlsx
2023-12-29,7447,2023,False,2023_publicationfileweek522023rerun.xlsx
2024-01-05,11945,2024,False,2024_weeklydeathsweek522024.xlsx
2024-01-12,13713,2024,False,2024_weeklydeathsweek522024.xlsx
2024-01-19,12813,2024,False,2024_weeklydeathsweek522024.xlsx
2024-01-26,12732,2024,False,2024_weeklydeathsweek522024.xlsx
2024-02-02,12664,2024,False,2024_weeklydeathsweek522024.xlsx
2024-02-09,12529,2024,False,2024_weeklydeathsweek522024.xlsx
2024-02-16,11817,2024,False,2024_weeklydeathsweek522024.xlsx
2024-02-23,11788,2024,False,2024_weeklydeathsweek522024.xlsx
2024-03-01,11517,2024,False,2024_weeklydeathsweek522024.xlsx
2024-03-08,11574,2024,False,2024_weeklydeathsweek522024.xlsx
2024-03-15,11368,2024,False,2024_weeklydeathsweek522024.xlsx
2024-03-22,11249,2024,False,2024_weeklydeathsweek522024.xlsx
2024-03-29,9391,2024,False,2024_weeklydeathsweek522024.xlsx
2024-04-05,9701,2024,False,2024_weeklydeathsweek522024.xlsx
2024-04-12,12334,2024,False,2024_weeklydeathsweek522024.xlsx
2024-04-19,11880,2024,False,2024_weeklydeathsweek522024.xlsx
2024-04-26,11173,2024,False,2024_weeklydeathsweek522024.xlsx
2024-05-03,11076,2024,False,2024_weeklydeathsweek522024.xlsx
2024-05-10,9620,2024,False,2024_weeklydeathsweek522024.xlsx
2024-05-17,11255,2024,False,2024_weeklydeathsweek522024.xlsx
2024-05-24,10912,2024,False,2024_weeklydeathsweek522024.xlsx
2024-05-31,8675,2024,False,2024_weeklydeathsweek522024.xlsx
2024-06-07,10926,2024,False,2024_weeklydeathsweek522024.xlsx
2024-06-14,10493,2024,False,2024_weeklydeathsweek522024.xlsx
2024-06-21,10459,2024,False,2024_weeklydeathsweek522024.xlsx
2024-06-28,10609,2024,False,2024_weeklydeathsweek522024.xlsx
2024-07-05,10333,2024,False,2024_weeklydeathsweek522024.xlsx
2024-07-12,10532,2024,False,2024_weeklydeathsweek522024.xlsx
2024-07-19,10182,2024,False,2024_weeklydeathsweek522024.xlsx
2024-07-26,10169,2024,False,2024_weeklydeathsweek522024.xlsx
2024-08-02,10265,2024,False,2024_weeklydeathsweek522024.xlsx
2024-08-09,10025,2024,False,2024_weeklydeathsweek522024.xlsx
2024-08-16,9846,2024,False,2024_weeklydeathsweek522024.xlsx
2024-08-23,9825,2024,False,2024_weeklydeathsweek522024.xlsx
2024-08-30,8039,2024,False,2024_weeklydeathsweek522024.xlsx
2024-09-06,10066,2024,False,2024_weeklydeathsweek522024.xlsx
2024-09-13,9829,2024,False,2024_weeklydeathsweek522024.xlsx
2024-09-20,9425,2024,False,2024_weeklydeathsweek522024.xlsx
2024-09-27,10097,2024,False,2024_weeklydeathsweek522024.xlsx
2024-10-04,10390,2024,False,2024_weeklydeathsweek522024.xlsx
2024-10-11,10684,2024,False,2024_weeklydeathsweek522024.xlsx
2024-10-18,10783,2024,False,2024_weeklydeathsweek522024.xlsx
2024-10-25,11014,2024,False,2024_weeklydeathsweek522024.xlsx
2024-11-01,10645,2024,False,2024_weeklydeathsweek522024.xlsx
2024-11-08,11133,2024,False,2024_weeklydeathsweek522024.xlsx
2024-11-15,11045,2024,False,2024_weeklydeathsweek522024.xlsx
2024-11-22,10933,2024,False,2024_weeklydeathsweek522024.xlsx
2024-11-29,11011,2024,False,2024_weeklydeathsweek522024.xlsx
2024-12-06,11510,2024,False,2024_weeklydeathsweek522024.xlsx
2024-12-13,11951,2024,False,2024_weeklydeathsweek522024.xlsx
2024-12-20,12636,2024,False,2024_weeklydeathsweek522024.xlsx
2024-12-27,7151,2024,False,2024_weeklydeathsweek522024.xlsx
